Name,ProductImages,Description,Category,Color,DoorStyle,ConstructionType,Features,CabinetStyle
Product1,"moslkzrpm2hbozbqxqzw.jpg,dxbigdpdtsqk0jpqdkup.jpg,i3rhdnj9flkgszqhjmrh.jpg",Product1 Description,Category1,Color1,DoorStyle1,ConstructionType1,feature1,CabinetStyle1
Product2,"moslkzrpm2hbozbqxqzw.jpg, dxbigdpdtsqk0jpqdkup.jpg, i3rhdnj9flkgszqhjmrh.jpg",Product1 Description,Category1,Color1,DoorStyle1,ConstructionType1,feature2,CabinetStyle1
Product3,"moslkzrpm2hbozbqxqzw.jpg, dxbigdpdtsqk0jpqdkup.jpg, i3rhdnj9flkgszqhjmrh.jpg",Product2 Description,Category2,Color2,DoorStyle2,ConstructionType2,feature4,CabinetStyle2
Product4,"moslkzrpm2hbozbqxqzw.jpg, dxbigdpdtsqk0jpqdkup.jpg, i3rhdnj9flkgszqhjmrh.jpg",Product2 Description,Category2,Color2,DoorStyle2,ConstructionType2,feature4,CabinetStyle2
